id_account_number,unique,access,refresh,allowance,total
30314240,21217.45,2026.48,222.66,-119.3972,23347.1928
30395902,130375.87,30202.440000000002,128.32999999999998,-15.00525,160691.63475
30412720,9939.08,4053.94,0.0,-0.0,13993.02
